title,author,themes
Homecoming,Ngũgĩ wa Thiong'o,"['Post-independence struggles', 'Power of language', 'Conflict in families']"
Black Star Nairobi,Mũkoma wa Ngũgĩ,"['Wealth and materialism', 'Bad governance', 'Greed']"
Dreams from My Father,Barack Obama,"['Dreams and ambitions', 'Youth and unemployment', 'Parent-child relationships']"
Spartacus: The Gladiator,Ben Kane,"['Folklore and oral traditions', 'Naming and symbolism', 'Justice and injustice']"
The Trial of Dedan Kimathi,Micere Githae Mugo,"['Justice and injustice', 'Trauma and healing', 'Oppression']"
Wasiya ya Mabanati,Ustadh Mau,"['Gender roles and feminism', 'Bad governance', 'Urban vs rural life']"
Speaks,Ngũgĩ wa Thiong'o,"['Wealth and materialism', 'Bad governance', 'Education and opportunity']"
Land Without Thunder,Grace Emily Akinyi Ogot,"['Wealth and materialism', 'Indigenous knowledge', 'Generosity']"
Nairobi Noir (Akashic Noir),Ngũgĩ wa Thiong'o,"['Wealth and materialism', 'Greed', 'Environmental conservation']"
Migritude,Shailja Patel,"['Bad governance', 'Hard work', 'Religion and spirituality']"
Wizard of the Crow,Ngũgĩ wa Thiong'o,"['Power of language', 'Folklore and oral traditions', 'Indigenous knowledge']"
Going Down River Road,Meja Mwangi,"['Urbanization', 'Urban vs rural life', 'Bad governance']"
The Dragonfly Sea,Yvonne Adhiambo Owuor,"['Urban vs rural life', 'Oppression', 'Gender roles and feminism']"
Manukato ya wa mbeja,Ahmed Sheikh Nabhany,"['Bad governance', 'Gender roles and feminism', 'Religion and spirituality']"
Q132731040,Barack Obama,"['Identity crisis', 'Community solidarity', 'Civic responsibility']"
Detained: A Writer's Prison Diary,Ngũgĩ wa Thiong'o,"['Oppression', 'Justice and injustice', 'Poverty']"
Facing Mount Kenya,Jomo Kenyatta,"['Wealth and materialism', 'Bad governance', 'Generosity']"
Decolonising the Mind: The Politics of Language in African Literature,Ngũgĩ wa Thiong'o,"['Power of language', 'Wealth and materialism', 'Oppression']"
Betrayal in the City,Francis D. Imbuga,"['Wealth and materialism', 'Bad governance', 'Greed']"
Haki za watoto,Ustadh Mau,"['Wealth and materialism', 'Community solidarity', 'Gender roles and feminism']"
The Heart of a Stranger: An Anthology of Exile Literature,Ngũgĩ wa Thiong'o,"['Folklore and oral traditions', 'Poverty', 'Storytelling as resistance']"
The Cockroach Dance,Meja Mwangi,"['Power of language', 'Conflict in families', 'Indigenous knowledge']"
"Preliminary Excavations of a Mesolithic Site at Abinger Common, Surrey",Louis Leakey,"['Generosity', 'Resource exploitation', 'Land and displacement']"
Petals of Blood,Ngũgĩ wa Thiong'o,"['Naming and symbolism', 'Wealth and materialism', 'Trauma and healing']"
The Climate Book,Wanjira Mathai,"['Climate and nature', 'Environmental conservation', 'Urban vs rural life']"
Without kiinua mgongo,David Maillu,"['Poverty', 'Religion and spirituality', 'Dreams and ambitions']"
Burying Caesar,Meja Mwangi,"['Indigenous knowledge', 'Hope and despair', 'Environmental conservation']"
Writers in Politics,Ngũgĩ wa Thiong'o,"['Poverty', 'Political violence', 'Bad governance']"
Uhuru wa Watumwa,James Mbotela,"['Post-independence struggles', 'Wealth and materialism', 'Migration and diaspora']"
The New Harvest: Agricultural Innovation in Africa,Calestous Juma,"['Wealth and materialism', 'Greed', 'Environmental conservation']"
Of Thee I Sing,Barack Obama,"['Silence and voice', 'Greed', 'Religion and spirituality']"
Travelling while Black,Nanjala Nyabola,"['Dreams and ambitions', 'Bad governance', 'Marriage and relationships']"
Unbowed,Wangari Muta Maathai,"['Marriage and relationships', 'Poverty', 'Morality and ethics']"
The Perfect Nine,Ngũgĩ wa Thiong'o,"['Power of language', 'Justice and injustice', 'Trauma and healing']"
Links of a Chain,Monica Genya,"['Bad governance', 'Morality and ethics', 'Parent-child relationships']"
Secure the Base,Ngũgĩ wa Thiong'o,"['Resource exploitation', 'Environmental conservation', 'Generosity']"
Secret Lives and Other Stories,Ngũgĩ wa Thiong'o,"['Folklore and oral traditions', 'Identity crisis', 'Religion and spirituality']"
Matigari A Novel,Ngũgĩ wa Thiong'o,"['Wealth and materialism', 'Greed', 'Folklore and oral traditions']"
The River Between,Ngũgĩ wa Thiong'o,"['Wealth and materialism', 'Environmental conservation', 'Bad governance']"
Ngugi Wa Thiong'o's drama and the kamiriithu popular theater experiment by Gichingiri Ndingiriri,Ngũgĩ wa Thiong'o,"['Wealth and materialism', 'Oppression', 'Folklore and oral traditions']"
Kwani,Binyavanga Wainaina,"['Wealth and materialism', 'Religion and spirituality', 'Bad governance']"
The scar : a tragedy in one act,Rebeka Njau,"['Trauma and healing', 'Naming and symbolism', 'Morality and ethics']"
Son of Woman,Charles Mangua,"['Parent-child relationships', 'Conflict in families', 'Marriage and relationships']"
Game of silence,Francis D. Imbuga,"['Silence and voice', 'Fate and free will', 'Selfishness']"
Siku Njema,Ken Waliaula,"['Conflict in families', 'Wealth and materialism', 'Trauma and healing']"
Maps of Englishness,Simon Gikandi,"['Ethnic diversity', 'Post-independence struggles', 'Education and opportunity']"
Red Strangers,Elspeth Huxley,"['Generosity', 'Storytelling as resistance', 'Education and opportunity']"
The Colombia Guide to East African Literature in English Since 1945,Simon Gikandi,"['Ethnic diversity', 'Wealth and materialism', 'Storytelling as resistance']"
The Perfect Nine: The Epic Gikuyu and Mumbi,Ngũgĩ wa Thiong'o,"['Urban vs rural life', 'Trauma and healing', 'Religion and spirituality']"
The Mzungu Boy,Meja Mwangi,"['Parent-child relationships', 'Urban vs rural life', 'Marriage and relationships']"
The Trial of Dedan Kimathi,Ngũgĩ wa Thiong'o,"['Bad governance', 'Justice and injustice', 'Oppression']"
Matigari ma Njiruungi,Ngũgĩ wa Thiong'o,"['Wealth and materialism', 'Power of language', 'Environmental conservation']"
The Black Hermit,Ngũgĩ wa Thiong'o,"['Indigenous knowledge', 'Religion and spirituality', 'Ethnic diversity']"
Devil on the Cross,Ngũgĩ wa Thiong'o,"['Religion and spirituality', 'Conflict in families', 'Wealth and materialism']"
A Promised Land,Barack Obama,"['Post-independence struggles', 'Civic responsibility', 'Environmental conservation']"
Ngaahika Ndeenda,Ngũgĩ wa Thiong'o,"['Power of language', 'Religion and spirituality', 'Conflict in families']"
Olympic Dream,Henry Rono,"['Dreams and ambitions', 'Greed', 'Traditional beliefs']"
How to Write About Africa,Binyavanga Wainaina,"['Wealth and materialism', 'Post-independence struggles', 'Ethnic diversity']"
The Green Cross of Kafira,Francis D. Imbuga,"['Indigenous knowledge', 'Naming and symbolism', 'Ethnic diversity']"
Minutes of Glory: And Other Stories,Ngũgĩ wa Thiong'o,"['Folklore and oral traditions', 'Storytelling as resistance', 'Morality and ethics']"
Barrel of a pen,Ngũgĩ wa Thiong'o,"['Resource exploitation', 'Indigenous knowledge', 'Power of language']"
Decolonising the Mind,Ngũgĩ wa Thiong'o,"['Oppression', 'Traditional beliefs', 'Power of language']"
Origins,Richard Leakey,"['Storytelling as resistance', 'Generosity', 'Leadership and betrayal']"
How to be kenyan,Wahome Mutahi,"['Bad governance', 'Wealth and materialism', 'Education and opportunity']"
Carcase for Hounds,Meja Mwangi,"['Greed', 'Marriage and relationships', 'Dreams and ambitions']"
"Kiswahili, past, present and future horizons",Rocha Chimera,"['Wealth and materialism', 'Religion and spirituality', 'Fate and free will']"
Coming to birth,Marjorie Oludhe Macgoye,"['Selfishness', 'Parent-child relationships', 'Poverty']"
"Weep Not, Child",Ngũgĩ wa Thiong'o,"['Parent-child relationships', 'Poverty', 'Hope and despair']"
To Stir the Heart,Ngũgĩ wa Thiong'o,"['Gender roles and feminism', 'Oppression', 'Political violence']"
A Grain of Wheat,Ngũgĩ wa Thiong'o,"['Climate and nature', 'Wealth and materialism', 'Poverty']"
The Promised Land,Grace Emily Akinyi Ogot,"['Wealth and materialism', 'Greed', 'Generosity']"
My Mother's Poem and Other Songs,Micere Githae Mugo,"['Wealth and materialism', 'Community solidarity', 'Generosity']"
THE DEAD CAME CALLING,Ndũcũ wa Ngũgĩ,"['Wealth and materialism', 'Bad governance', 'Greed']"
The Audacity of Hope,Barack Obama,"['Community solidarity', 'Youth and unemployment', 'Post-independence struggles']"
The Strange Bride,Grace Emily Akinyi Ogot,"['Wealth and materialism', 'Family unity', 'Indigenous knowledge']"
The Big Chiefs,Meja Mwangi,"['Post-independence struggles', 'Gender roles and feminism', 'Hard work']"
Olduvai Gorge; a report on the evolution of the hand-axe culture in beds I-IV,Louis Leakey,"['Indigenous knowledge', 'Cultural heritage', 'Ethnic diversity']"
Slavery and the Culture of Taste,Simon Gikandi,"['Oppression', 'Ethnic diversity', 'Poverty']"
Mtawa Mweusi,Ngũgĩ wa Thiong'o,"['Wealth and materialism', 'Bad governance', 'Environmental conservation']"
Q24937593,Ben Kane,"['Parent-child relationships', 'Community solidarity', 'Oppression']"
Q24937606,Ben Kane,"['Parent-child relationships', 'Generosity', 'Oppression']"
El brujo del cuervo,Ngũgĩ wa Thiong'o,"['Conflict in families', 'Post-independence struggles', 'Power of language']"
Writing in Limbo,Simon Gikandi,"['Post-independence struggles', 'Storytelling as resistance', 'Mental health']"
Q24937567,Ben Kane,"['Parent-child relationships', 'Community solidarity', 'Generosity']"
Q130290748,Wangari Muta Maathai,"['Morality and ethics', 'Community solidarity', 'Parent-child relationships']"
Wrestling with the Devil: A Prison Memoir,Ngũgĩ wa Thiong'o,"['Folklore and oral traditions', 'Poverty', 'Bad governance']"
Globalectics: Theory and the Politics of Knowing (The Wellek Library Lectures),Ngũgĩ wa Thiong'o,"['Climate and nature', 'Ignorance', 'Indigenous knowledge']"
Nairobi Heat,Mũkoma wa Ngũgĩ,"['Wealth and materialism', 'Environmental conservation', 'Religion and spirituality']"
WEAPON OF HUNGER,Meja Mwangi,"['Wealth and materialism', 'Greed', 'Identity crisis']"
Sulwe,Lupita Nyong'o,"['Language and identity', 'Greed', 'Power of language']"
Dua ya Maarusi,Ahmad Nassir Juma Bhalo Sayyani,"['Bad governance', 'Urban vs rural life', 'Post-independence struggles']"
The Trial of Christopher Okigbo,Ali Mazrui,"['Justice and injustice', 'Poverty', 'Bad governance']"
Mau Mau From Within: The Story of the Kenya Land and Freedom Army,Ngũgĩ wa Thiong'o,"['Wealth and materialism', 'Bad governance', 'Gender roles and feminism']"
Ngugi wa Thiong'o's drama and the kamiriithu popular theater experiment,Ngũgĩ wa Thiong'o,"['Wealth and materialism', 'Oppression', 'Power of language']"
Foundational African Writers,Simon Gikandi,"['Wealth and materialism', 'Storytelling as resistance', 'Ethnic diversity']"
Christmas Without Tusker,Meja Mwangi,"['Conflict in families', 'Greed', 'Hope and despair']"
In the Name of the Mother: Reflections on Writers and Empire,Ngũgĩ wa Thiong'o,"['Conflict in families', 'Wealth and materialism', 'Marriage and relationships']"
This Time Tomorrow,Ngũgĩ wa Thiong'o,"['Wealth and materialism', 'Bad governance', 'Environmental conservation']"
Things they Lost,Okwiri Oduor,"['Poverty', 'Generosity', 'Greed']"
The Upright Revolution: Or Why Humans Walk Upright,Ngũgĩ wa Thiong'o,"['Environmental conservation', 'Indigenous knowledge', 'Generosity']"
Kill Me Quick,Meja Mwangi,"['Identity crisis', 'Urban vs rural life', 'Good vs evil']"
Sauti ya dhiki,Abdilatif Abdalla,"['Bad governance', 'Silence and voice', 'Fate and free will']"
Liyongo songs,Gudrun Miehe,"['Power of language', 'Urban vs rural life', 'Silence and voice']"
Mashairi ya miaka kumi ya Azimio la Arusha,Abdilatif Abdalla,"['Conflict in families', 'Bad governance', 'Identity crisis']"
"A statement given by Abdilatif Abdalla, chief co-ordinator of the United Movement for Democracy in Kenya, to the 7th Pan-African Congress, Kampala, Uganda on 3-8 April, 1994",Abdilatif Abdalla,"['Bad governance', 'Poverty', 'Corruption and governance']"
Imaginative Vision of Abdilatif Abdalla's Voice of Agony,Abdilatif Abdalla,"['Silence and voice', 'Hard work', 'Greed']"
Kale ya washairi wa Pemba,Ali bin Said bin Rashid Jahadhmiy,"['Bad governance', 'Urban vs rural life', 'Civic responsibility']"
Sambo ya Kiwandeo,Ahmed Sheikh Nabhany,"['Bad governance', 'Religion and spirituality', 'Post-independence struggles']"
Umbuji wa kiwandeo,Ahmed Sheikh Nabhany,"['Bad governance', 'Wealth and materialism', 'Post-independence struggles']"
Umbuji wa mnazi,Ahmed Sheikh Nabhany,"['Bad governance', 'Wealth and materialism', 'Poverty']"
Kilio cha haki,Ali AlʼAmin Mazrui,"['Wealth and materialism', 'Bad governance', 'Justice and injustice']"
The Africans,Ali AlʼAmin Mazrui,"['Ethnic diversity', 'Poverty', 'Oppression']"
The African condition,Ali AlʼAmin Mazrui,"['Poverty', 'Oppression', 'Greed']"
Africa's international relations,Ali AlʼAmin Mazrui,"['Greed', 'Political violence', 'Bad governance']"
Towards a Pax Africana,Ali AlʼAmin Mazrui,"['Poverty', 'Wealth and materialism', 'Morality and ethics']"
"UNESCO General History of Africa, Vol. VIII",Ali AlʼAmin Mazrui,"['Ethnic diversity', 'Environmental conservation', 'Wealth and materialism']"
The trial of Christopher Okigbo,Ali AlʼAmin Mazrui,"['Justice and injustice', 'Poverty', 'Morality and ethics']"
Euro-Jews and Afro-Arabs,Ali AlʼAmin Mazrui,"['Ethnic diversity', 'Oppression', 'Poverty']"
The political sociology of the English language,Ali AlʼAmin Mazrui,"['Oppression', 'Political violence', 'Ethnic diversity']"
The power of Babel,Ali AlʼAmin Mazrui,"['Bad governance', 'Morality and ethics', 'Poverty']"
The Warrior Tradition in Modern Africa (International Studies in Sociology and Social Anthropology),Ali AlʼAmin Mazrui,"['Wealth and materialism', 'Indigenous knowledge', 'Ethnic diversity']"
Swahili state and society,Ali AlʼAmin Mazrui,"['Poverty', 'Bad governance', 'Wealth and materialism']"
Cultural Forces in World Politics,Ali AlʼAmin Mazrui,"['Bad governance', 'Ethnic diversity', 'Wealth and materialism']"
Shadows of the moon,Ali AlʼAmin Mazrui,"['Wealth and materialism', 'Morality and ethics', 'Justice and injustice']"
Violence and thought,Ali AlʼAmin Mazrui,"['Political violence', 'Justice and injustice', 'Morality and ethics']"
World culture and the Black experience,Ali AlʼAmin Mazrui,"['Ethnic diversity', 'Indigenous knowledge', 'Oppression']"
"Power, politics, and the African condition",Ali AlʼAmin Mazrui,"['Bad governance', 'Poverty', 'Greed']"
A World Federation of Cultures,Ali AlʼAmin Mazrui,"['Ethnic diversity', 'Indigenous knowledge', 'Wealth and materialism']"
Islam,Ali AlʼAmin Mazrui,"['Morality and ethics', 'Oppression', 'Poverty']"
The Anglo-African commonwealth,Ali AlʼAmin Mazrui,"['Ethnic diversity', 'Oppression', 'Poverty']"
How Art Can Be Thought,Allan deSouza,"['Wealth and materialism', 'Folklore and oral traditions', 'Oppression']"
Ark of Martyrs,Allan Desouza,"['Greed', 'Justice and injustice', 'Folklore and oral traditions']"
"Allan deSouza, a decade of photoworks, 1998-2008",Allan DeSouza,"['Parent-child relationships', 'Hard work', 'Love and heartbreak']"
"Allan deSouza, Yong Soon Min",Allan DeSouza,"['Urban vs rural life', 'Post-independence struggles', 'Peer pressure']"
AlterNatives,Allan DeSouza,"['Greed', 'Love and heartbreak', 'Poverty']"
Crossing black waters,Allan DeSouza,"['Love and heartbreak', 'Greed', 'Fate and free will']"
Looking both ways,Laurie Ann Farrell,"['Youth and unemployment', 'Fate and free will', 'Naming and symbolism']"
Jua na Upepo,Anne Matindi,"['Wealth and materialism', 'Morality and ethics', 'Marriage and relationships']"
The lonely black pig,Anne Matindi,"['Greed', 'Selfishness', 'Wealth and materialism']"
The sun-men and other plays,Anne Matindi,"['Laziness', 'Morality and ethics', 'Greed']"
The sun and the wind,Anne Matindi,"['Climate and nature', 'Laziness', 'Wealth and materialism']"
Tax & development,Attiya Waris,"['Bad governance', 'Poverty', 'Post-independence struggles']"
Financing Africa,Attiya Waris,"['Greed', 'Poverty', 'Bad governance']"
Taxation and state building in Kenya,Attiya Waris,"['Wealth and materialism', 'Bad governance', 'Greed']"
"Tax Justice and the Political Economy of Global Capitalism, 1945 to the Present",Jeremy Leaman,"['Bad governance', 'Generosity', 'Oppression']"
Das Leben kommt immer dazwischen,Auma Obama,"['Identity crisis', 'Environmental conservation', 'Poverty']"
And Then Life Happens,Auma Obama,"['Identity crisis', 'Greed', 'Wealth and materialism']"
Leidenschaft,Auma Obama,"['Wealth and materialism', 'Marriage and relationships', 'Community solidarity']"
Day after tomorrow,Bahadur Tejani,"['Bad governance', 'Urban vs rural life', 'Post-independence struggles']"
The rape of literature,Bahadur Tejani,"['Poverty', 'Bad governance', 'Storytelling as resistance']"
Okello's Shakespeare,Bahadur Tejani,"['Poverty', 'Trauma and healing', 'Wealth and materialism']"
Laughing in the face of terrorism,Bahadur Tejani,"['Bad governance', 'Poverty', 'Justice and injustice']"
Alnoor meets George Washington,Bahadur Tejani,"['Marriage and relationships', 'Post-independence struggles', 'Wealth and materialism']"
Obamawala,Bahadur Tejani,"['Bad governance', 'Wealth and materialism', 'Poverty']"
Spartacus,Ben Kane,"['Folklore and oral traditions', 'Greed', 'Silence and voice']"
The forgotten legion,Ben Kane,"['Folklore and oral traditions', 'Trauma and healing', 'Cultural heritage']"
Enemy of Rome,Ben Kane,"['Greed', 'Political violence', 'Urbanization']"
Hannibal,Ben Kane,"['Parent-child relationships', 'Silence and voice', 'Education and opportunity']"
The Silver Eagle A Novel Of The Forgotten Legion,Ben Kane,"['Poverty', 'Folklore and oral traditions', 'Indigenous knowledge']"
Eagles at war,Ben Kane,"['Colonialism and resistance', 'Love and heartbreak', 'Folklore and oral traditions']"
Eagles in the storm,Ben Kane,"['Parent-child relationships', 'Love and heartbreak', 'Good vs evil']"
Stormcrow,Ben Kane,"['Silence and voice', 'Parent-child relationships', 'Folklore and oral traditions']"
Clash of Empires,Ben Kane,"['Greed', 'Folklore and oral traditions', 'Hard work']"
Hunting the eagles,Ben Kane,"['Parent-child relationships', 'Fate and free will', 'Resource exploitation']"
Clouds of War,Ben Kane,"['Climate and nature', 'Folklore and oral traditions', 'Justice and injustice']"
The Silver Eagle,Ben Kane,"['Parent-child relationships', 'Greed', 'Silence and voice']"
A Day of Fire,E Knight,"['Folklore and oral traditions', 'Religion and spirituality', 'Greed']"
One day I will write about this place,Binyavanga Wainaina,"['Wealth and materialism', 'Post-independence struggles', 'Bad governance']"
Discovering home,Binyavanga Wainaina,"['Post-independence struggles', 'Climate and nature', 'Indigenous knowledge']"
Beyond the River Yei,Binyavanga Wainaina,"['Post-independence struggles', 'Urban vs rural life', 'Wealth and materialism']"
Kwani? 02,Binyavanga Wainaina,"['Wealth and materialism', 'Urban vs rural life', 'Bad governance']"
Kwani? 1 (Kwani?),Binyavanga Wainaina,"['Wealth and materialism', 'Urban vs rural life', 'Religion and spirituality']"
Andreas Herzau,Andreas Herzau,"['Urbanization', 'Community solidarity', 'Oppression']"
Nguva Na Nyoka,Binyavanga Wainaina,"['Wealth and materialism', 'Bad governance', 'Gender roles and feminism']"
Algún día escribiré sobre África,Binyavanga Wainaina,"['Post-independence struggles', 'Wealth and materialism', 'Ethnic diversity']"
We the women-- for peace,Aseghedech Ghirmazion,"['Gender roles and feminism', 'Community solidarity', 'Wealth and materialism']"
Confessions of an AIDS victim,Carolyne Adalla,"['Youth and unemployment', 'Trauma and healing', 'Identity crisis']"
The position of Kiswahili in Kenya,Chacha Nyaigotti-Chacha,"['Bad governance', 'Wealth and materialism', 'Agriculture and food security']"
Mke mwenza,Chacha Nyaigotti Chacha,"['Community solidarity', 'Oppression', 'Power of language']"
Ushairi wa Abdilatif Abdalla,Chacha Nyaigotti Chacha,"['Bad governance', 'Cultural heritage', 'Gender roles and feminism']"
Wingi jeusi,Chacha Nyaigotti Chacha,"['Urban vs rural life', 'Language and identity', 'Justice and injustice']"
Hukumu,Chacha Nyaigotti Chacha,"['Agriculture and food security', 'Silence and voice', 'Justice and injustice']"
Traditional medicine in Africa,Isaac Sindiga,"['Indigenous knowledge', 'Morality and ethics', 'Wealth and materialism']"
The golden feather,Charity Waciuma,"['Generosity', 'Wealth and materialism', 'Morality and ethics']"
Daughter of Mumbi,Charity Waciuma,"['Parent-child relationships', 'Family unity', 'Wealth and materialism']"
Merry-making,Charity Waciuma,"['Generosity', 'Wealth and materialism', 'Family unity']"
"Mweru, the ostrich girl",Charity Waciuma,"['Gender roles and feminism', 'Generosity', 'Wealth and materialism']"
Who's calling?,Charity Waciuma,"['Poverty', 'Generosity', 'Wealth and materialism']"
Kenyatta's jiggers,Charles Mangua,"['Ethnic diversity', 'Oppression', 'Poverty']"
A tail in the mouth,Charles Mangua,"['Hard work', 'Parent-child relationships', 'Storytelling as resistance']"
Kanina and I,Charles Mangua,"['Conflict in families', 'Love and heartbreak', 'Marriage and relationships']"
Son of woman in Mombasa,Charles Mangua,"['Parent-child relationships', 'Conflict in families', 'Marriage and relationships']"
tail in the mouth.,Charles Mangua,"['Parent-child relationships', 'Silence and voice', 'Storytelling as resistance']"
Gambling With Destiny,Daniel Kamau,"['Fate and free will', 'Greed', 'Religion and spirituality']"
Equatorial Assignment,David Maillu,"['Generosity', 'Climate and nature', 'Hard work']"
Inheritance,David Mulwa,"['Poverty', 'Parent-child relationships', 'Cultural heritage']"
Redemption,David Mulwa,"['Fate and free will', 'Poverty', 'Justice and injustice']"
Master and Servant,David Mulwa,"['Generosity', 'Wealth and materialism', 'Poverty']"
We come in peace,David Mulwa,"['Poverty', 'Migration and diaspora', 'Fate and free will']"
"Flee, mama flee",David Mulwa,"['Poverty', 'Hope and despair', 'Migration and diaspora']"
Daraja,David Mulwa,"['Poverty', 'Bad governance', 'Fate and free will']"
Mkimbizi,David Mulwa,"['Parent-child relationships', 'Poverty', 'Bad governance']"
Clean hands,David Mulwa,"['Poverty', 'Bad governance', 'Fate and free will']"
Glasshouses,David Mulwa,"['Urbanization', 'Loneliness and isolation', 'Cultural heritage']"
"Katende says ""No""",David Mulwa,"['Poverty', 'Truth and deception', 'Religion and spirituality']"
The flame trees of Thika,Elspeth Huxley,"['Climate and nature', 'Naming and symbolism', 'Marriage and relationships']"
On the edge of the rift,Elspeth Huxley,"['Land and displacement', 'Education and opportunity', 'Climate and nature']"
Murder on Safari,Elspeth Huxley,"['Education and opportunity', 'Morality and ethics', 'Generosity']"
The African poison murders,Elspeth Huxley,"['Storytelling as resistance', 'Greed', 'Poverty']"
White man's country,Elspeth Huxley,"['Poverty', 'Storytelling as resistance', 'Climate and nature']"
Out in the Midday Sun,Elspeth Huxley,"['Climate and nature', 'Laziness', 'Education and opportunity']"
Murder at Government House,Elspeth Huxley,"['Political violence', 'Leadership and betrayal', 'Education and opportunity']"
Four Guineas,Elspeth Huxley,"['Generosity', 'Education and opportunity', 'Greed']"
Scott of the Antarctic,Elspeth Huxley,"['Education and opportunity', 'Storytelling as resistance', 'Generosity']"
Florence Nightingale,Elspeth Huxley,"['Education and opportunity', 'Generosity', 'Storytelling as resistance']"
Love among the daughters,Elspeth Huxley,"['Education and opportunity', 'Marriage and relationships', 'Parent-child relationships']"
Their shining Eldorado,Elspeth Huxley,"['Education and opportunity', 'Dreams and ambitions', 'Marriage and relationships']"
Race and politics in Kenya,Elspeth Huxley,"['Ethnic diversity', 'Poverty', 'Political violence']"
The sorcerer's apprentice,Elspeth Huxley,"['Education and opportunity', 'Generosity', 'Storytelling as resistance']"
A man from nowhere,Elspeth Huxley,"['Poverty', 'Climate and nature', 'Storytelling as resistance']"
Gallipot Eyes,Elspeth Huxley,"['Education and opportunity', 'Generosity', 'Resistance and struggle']"
Livingstone and his African journeys,Elspeth Huxley,"['Oppression', 'Generosity', 'Storytelling as resistance']"
The walled city,Elspeth Huxley,"['Urbanization', 'Education and opportunity', 'Resistance and struggle']"
Nine Faces of Kenya,Elspeth Huxley,"['Generosity', 'Greed', 'Education and opportunity']"
Mihiriga ya Agikuyu,Gakaara Wanjaũ,"['Power of language', 'Urban vs rural life', 'Conflict in families']"
"Agikuyu, Mau Mau na wiyathi =",Gakaara Wanjaũ,"['Power of language', 'Gender roles and feminism', 'Wealth and materialism']"
Writing for Kenya,Henry Muoria,"['Poverty', 'Wealth and materialism', 'Greed']"
"I, the Gikuyu, and the white fury",Henry Muoria,"['Silence and voice', 'Fate and free will', 'Hope and despair']"
A dictionary of the Nandi language,Jane Tapsubei Creider,"['Indigenous knowledge', 'Language and identity', 'Power of language']"
The shrunken dream,Jane Tapsubei Creider,"['Dreams and ambitions', 'Youth and unemployment', 'Folklore and oral traditions']"
Two lives,Jane Tapsubei Creider,"['Urbanization', 'Civic responsibility', 'Conflict in families']"
Juices,Jared Angira,"['Greed', 'Marriage and relationships', 'Silence and voice']"
The years go by,Jared Angira,"['Greed', 'Post-independence struggles', 'Generational conflict']"
Soft corals,Jared Angira,"['Marriage and relationships', 'Hard work', 'Morality and ethics']"
Silent voices; poems,Jared Angira,"['Silence and voice', 'Storytelling as resistance', 'Folklore and oral traditions']"
Cascades,Jared Angira,"['Greed', 'Marriage and relationships', 'Fate and free will']"
Lament of the silent & other poems,Jared Angira,"['Silence and voice', 'Mental health', 'Conflict in families']"
Tides of time,Jared Angira,"['Fate and free will', 'Greed', 'Love and heartbreak']"
Mau Mau kizuizini ..,Josiah Mwangi Kariuki,"['Wealth and materialism', 'Urban vs rural life', 'Marriage and relationships']"
JM Kariuki in Parliament,Josiah Mwangi Kariuki,"['Urban vs rural life', 'Bad governance', 'Trauma and healing']"
mau mau detainee ,josiah mwangi kariuki,"['Trauma and healing', 'Wealth and materialism', 'Urban vs rural life']"
Child of happy valley,Juanita Carberry,"['Parent-child relationships', 'Conflict in families', 'Marriage and relationships']"
Letzte Tage in Kenia. Meine Kindheit in Afrika.,Juanita Carberry,"['Urban vs rural life', 'Oppression', 'Wealth and materialism']"
Invisible,Kevin Mwachiro,"['Loneliness and isolation', 'Silence and voice', 'Love and heartbreak']"
Boldly queer,Theo Sandfort,"['Gender roles and feminism', 'Dreams and ambitions', 'Greed']"
The House of Rust,Khadija Abdalla Bajaber,"['Wealth and materialism', 'Indigenous knowledge', 'Conflict in families']"
Of pawns and players,Kinyanjui Kombani,"['Folklore and oral traditions', 'Greed', 'Urban vs rural life']"
The last villains of Molo,Kinyanjui Kombani,"['Urban vs rural life', 'Folklore and oral traditions', 'Justice and injustice']"
We can be friends,Kinyanjui Kombani,"['Community solidarity', 'Urban vs rural life', 'Migration and diaspora']"
Kifo kisimani,Kithaka wa Mberia,"['Wealth and materialism', 'Religion and spirituality', 'Bad governance']"
Bara jingine,Kithaka wa Mberia.,"['Bad governance', 'Urban vs rural life', 'Wealth and materialism']"
Flowers in the morning sun,Kithaka wa Mberia,"['Naming and symbolism', 'Wealth and materialism', 'Climate and nature']"
Mchezo wa karata,Kithaka wa Mberia.,"['Wealth and materialism', 'Community solidarity', 'Bad governance']"
Death at the well,Kithaka wa Mberia,"['Trauma and healing', 'Bad governance', 'Cultural heritage']"
Msimu wa tisa,Kithaka wa Mberia.,"['Power of language', 'Community solidarity', 'Wealth and materialism']"
Natala,Kithaka wa Mberia.,"['Wealth and materialism', 'Urban vs rural life', 'Bad governance']"
Maua kwenye jua la asubuhi,Kithaka wa Mberia.,"['Bad governance', 'Wealth and materialism', 'Power of language']"
A game of cards,Kithaka wa Mberia,"['Greed', 'Generosity', 'Cultural heritage']"
Another continent,Kithaka wa Mberia,"['Wealth and materialism', 'Migration and diaspora', 'Post-independence struggles']"
Redio na mwezi,Kithaka wa Mberia.,"['Power of language', 'Community solidarity', 'Wealth and materialism']"
I refuse to die,Koigi wa Wamwere.,"['Civic responsibility', 'Hope and despair', 'Religion and spirituality']"
A woman reborn,Koigi wa Wamwere.,"['Civic responsibility', 'Wealth and materialism', 'Gender roles and feminism']"
"The people's representative and the tyrants, or, Kenya, independence without freedom",Koigi wa Wamwere.,"['Oppression', 'Bad governance', 'Wealth and materialism']"
Towards genocide in Kenya,Koigi wa Wamwere.,"['Oppression', 'Political violence', 'Wealth and materialism']"
Conscience on Trial: Why I Was Detained,Koigi Wa Wamwere,"['Oppression', 'Civic responsibility', 'Morality and ethics']"
Negative Ethnicity,Koigi Wa Wamwere,"['Ethnic diversity', 'Oppression', 'Poverty']"
Justice on trial,Koigi wa Wamwere.,"['Justice and injustice', 'Civic responsibility', 'Political violence']"
Etnisitetsbomben,Koigi wa Wamwere.,"['Resource exploitation', 'Environmental conservation', 'Wealth and materialism']"
Kenya,Koigi wa Wamwere,"['Wealth and materialism', 'Environmental conservation', 'Civic responsibility']"
Dream of freedom,Koigi wa Wamwere.,"['Civic responsibility', 'Oppression', 'Post-independence struggles']"
Hjertets tårer,Koigi wa Wamwere.,"['Environmental conservation', 'Loneliness and isolation', 'Civic responsibility']"
The Pretoria conspiracy,Lily Mabura,"['Generosity', 'Political violence', 'Dreams and ambitions']"
"Ali, the little suntan",Lily Mabura,"['Morality and ethics', 'Wealth and materialism', 'Naming and symbolism']"
Saleh Kanta and the cavaliers,Lily Mabura,"['Silence and voice', 'Hard work', 'Marriage and relationships']"
Remembrance,Lily Mabura,"['Wealth and materialism', 'Naming and symbolism', 'Generosity']"
How Shall We Kill The Bishop And Other Stories,Lily Mabura,"['Morality and ethics', 'Naming and symbolism', 'Trauma and healing']"
Favour the Game Changer,Lucy Natasha,"['Fate and free will', 'Silence and voice', 'Generosity']"
Every Problem Has an Expiry Date!,Lucy Natasha,"['Hard work', 'Identity crisis', 'Mental health']"
Before You Say I Do,Lucy Natasha,"['Silence and voice', 'Fate and free will', 'Power of language']"
Gods Leading Lady,Rev. Lucy Natasha,"['Wealth and materialism', 'Fate and free will', 'Naming and symbolism']"
Touching Heaven Through Prayer,Rev Lucy Natasha,"['Religion and spirituality', 'Wealth and materialism', 'Fate and free will']"
A girl cannot go on laughing all the time,Magaga Alot,"['Parent-child relationships', 'Mental health', 'Youth and unemployment']"
People and communication in Kenya,Magaga Alot,"['Bad governance', 'Ethnic diversity', 'Wealth and materialism']"
Heat of the moment,Magaga Alot,"['Parent-child relationships', 'Power of language', 'Identity crisis']"
Daughter of state,Magaga Alot,"['Parent-child relationships', 'Bad governance', 'Conflict in families']"
East African integration,Magaga Alot,"['Ethnic diversity', 'Oppression', 'Poverty']"
Caine Prize for African Writing 2018,Olufunke Ogundimu,"['Greed', 'Generosity', 'Oppression']"
The Year’s Best African Speculative Fiction 2021,Oghenechovwe Donald Ekpeki,"['Wealth and materialism', 'Greed', 'Folklore and oral traditions']"
The Year’s Best African Speculative Fiction 2023,Oghenechovwe Donald Ekpeki,"['Wealth and materialism', 'Greed', 'Folklore and oral traditions']"
The present moment,Marjorie Oludhe Macgoye,"['Conflict in families', 'Identity crisis', 'Generosity']"
Homing in,Marjorie Oludhe Macgoye,"['Generosity', 'Conflict in families', 'Education and opportunity']"
Chira,Marjorie Oludhe Macgoye,"['Conflict in families', 'Silence and voice', 'Poverty']"
The composition of poetry,Marjorie Oludhe Macgoye,"['Conflict in families', 'Indigenous knowledge', 'Storytelling as resistance']"
Creative writing in prose,Marjorie Oludhe Macgoye,"['Storytelling as resistance', 'Indigenous knowledge', 'Dreams and ambitions']"
Growing up at Lina School,Marjorie Oludhe Macgoye,"['Education and opportunity', 'Parent-child relationships', 'Conflict in families']"
Victoria and Murder in Majengo,Marjorie Oludhe Macgoye,"['Oppression', 'Identity crisis', 'Conflict in families']"
Rebmann,Marjorie Oludhe Macgoye,"['Conflict in families', 'Identity crisis', 'Generosity']"
The story of Kenya,Marjorie Oludhe MacGoye,"['Poverty', 'Bad governance', 'Generosity']"
Murder in Majengo,Marjorie Oludhe Macgoye,"['Conflict in families', 'Poverty', 'Identity crisis']"
Song of Nyarloka and other poems,Marjorie Oludhe Macgoye,"['Indigenous knowledge', 'Marriage and relationships', 'Dreams and ambitions']"
"The Black Hand Gang (Junior Readers Series, 40)",Marjorie Oludhe Macgoye,"['Storytelling as resistance', 'Bad governance', 'Poverty']"
A farm called Kishinev,Marjorie Oludhe Macgoye,"['Agriculture and food security', 'Conflict in families', 'Poverty']"
Make it sing & other poems,Marjorie Oludhe Macgoye,"['Silence and voice', 'Dreams and ambitions', 'Conflict in families']"
The silent twins,Marjorie Wallace,"['Silence and voice', 'Parent-child relationships', 'Education and opportunity']"
Campaign and be damned,Marjorie Wallace,"['Silence and voice', 'Greed', 'Fate and free will']"
On giant's shoulders,Marjorie Wallace,"['Parent-child relationships', 'Hard work', 'Education and opportunity']"
Schizophrenia 1992,Marjorie Wallace,"['Mental health', 'Parent-child relationships', 'Silence and voice']"
Whose mind is it anyway?,Marjorie Wallace,"['Mental health', 'Selfishness', 'Education and opportunity']"
Work,Donald Ray Pollock,"['Hard work', 'Storytelling as resistance', 'Resource exploitation']"
The NGO Factor in Africa,Maurice Amutabi,"['Poverty', 'Bad governance', 'Greed']"
Regime Change and Succession Politics in Africa,Maurice N. Amutabi,"['Bad governance', 'Poverty', 'Greed']"
Palgrave Handbook of Contemporary Kenya,Wanjala S. Nasong'o,"['Bad governance', 'Wealth and materialism', 'Environmental conservation']"
Palgrave Handbook of Kenyan History,Wanjala S. Nasong'o,"['Wealth and materialism', 'Bad governance', 'Marriage and relationships']"
Foundations of adult education in Africa,Fredrick Nafukho,"['Wealth and materialism', 'Oppression', 'Bad governance']"
Africa after Fifty Years,Toyin Falola,"['Ethnic diversity', 'Wealth and materialism', 'Poverty']"
Palgrave Handbook of Kenya and Its History,Shadrack Wanjala Nasong'o,"['Bad governance', 'Wealth and materialism', 'Environmental conservation']"
Palgrave Handbook of Contemporary Kenya,Shadrack Wanjala Nasong'o,"['Bad governance', 'Wealth and materialism', 'Environmental conservation']"
The bushtrackers,Meja Mwangi,"['Bad governance', 'Identity crisis', 'Community solidarity']"
"The Last Plague (Vitabu Vya Nyota Series, 2)",Meja Mwangi,"['Urban vs rural life', 'Trauma and healing', 'Migration and diaspora']"
Cockroach Dance,Meja Mwangi,"['Power of language', 'Conflict in families', 'Marriage and relationships']"
Baba Pesa,Meja Mwangi,"['Bad governance', 'Power of language', 'Identity crisis']"
The last plague,Meja Mwangi,"['Trauma and healing', 'Good vs evil', 'Urban vs rural life']"
The return of Shaka,Meja Mwangi,"['Bad governance', 'Fate and free will', 'Migration and diaspora']"
Boy Gift,Meja Mwangi,"['Parent-child relationships', 'Marriage and relationships', 'Urban vs rural life']"
Striving for the wind,Meja Mwangi,"['Climate and nature', 'Environmental conservation', 'Urban vs rural life']"
Mama Dudu,Meja Mwangi,"['Community solidarity', 'Post-independence struggles', 'Power of language']"
Crossroads,Meja Mwangi,"['Community solidarity', 'Identity crisis', 'Hope and despair']"
Trial of Dedan Kimathi,Ngũgĩ wa Thiongʼo,"['Bad governance', 'Justice and injustice', 'Oppression']"
Visions of Africa,Mĩcere Gĩthae Mũgo,"['Dreams and ambitions', 'Greed', 'Wealth and materialism']"
"African orature and human rights in Gikuyu, Shona, and Ndebele zamani cultures",Mĩcere Gĩthae Mũgo,"['Oppression', 'Ethnic diversity', 'Poverty']"
The long illness of ex-Chief Kiti,Mĩcere Gĩthae Mũgo,"['Trauma and healing', 'Conflict in families', 'Dreams and ambitions']"
African orature and human rights,Mĩcere Gĩthae Mũgo,"['Oppression', 'Poverty', 'Environmental conservation']"
"Daughter of my people, sing!",Mĩcere Gĩthae Mũgo,"['Community solidarity', 'Dreams and ambitions', 'Parent-child relationships']"
"Muthoni wa Kirima, Mau Mau woman field marshal",Mĩcere Gĩthae Mũgo,"['Wealth and materialism', 'Gender roles and feminism', 'Marriage and relationships']"
Imperative of Utu / Ubuntu in Africana Scholarship,Mĩcere Gĩthae Mũgo,"['Poverty', 'Community solidarity', 'Wealth and materialism']"
Writing and speaking from the heart of my mind,Mĩcere Gĩthae Mũgo,"['Dreams and ambitions', 'Religion and spirituality', 'Power of language']"
Art of Resistance,Mĩcere Gĩthae Mũgo,"['Resistance and struggle', 'Storytelling as resistance', 'Colonialism and resistance']"
Feminism and War,Judy Rohrer,"['Gender roles and feminism', 'Oppression', 'Political violence']"
The boy in between,Miriam Khamadi Were,"['Parent-child relationships', 'Conflict in families', 'Gender roles and feminism']"
The high school gent,Miriam Khamadi Were,"['Gender roles and feminism', 'Wealth and materialism', 'Parent-child relationships']"
The eighth wife,Miriam Khamadi Were,"['Conflict in families', 'Marriage and relationships', 'Gender roles and feminism']"
Your heart is my altar,Miriam Khamadi Were,"['Religion and spirituality', 'Naming and symbolism', 'Morality and ethics']"
Your heart is my heart,Miriam Khamadi Were,"['Morality and ethics', 'Religion and spirituality', 'Naming and symbolism']"
A nurse with a song,Miriam Khamadi Were,"['Trauma and healing', 'Wealth and materialism', 'Gender roles and feminism']"
Organization and management of community-based health care,Miriam Khamadi Were,"['Community solidarity', 'Gender roles and feminism', 'Family unity']"
Research notes,Miriam Khamadi Were,"['Wealth and materialism', 'Morality and ethics', 'Resource exploitation']"
The wrong kind of girl,Monica Genya,"['Bad governance', 'Silence and voice', 'Morality and ethics']"
The other side of love,Monica Genya,"['Silence and voice', 'Morality and ethics', 'Love and heartbreak']"
Shifting sands,Moraa Gitaa,"['Migration and diaspora', 'Wealth and materialism', 'Marriage and relationships']"
The shark attack,Moraa Gitaa,"['Political violence', 'Hard work', 'Marriage and relationships']"
Take Nothing with You,Skeeter Wilson,"['Silence and voice', 'Fate and free will', 'Religion and spirituality']"
Fighting Without Ceasing,Muthoni Likimani,"['Poverty', 'Justice and injustice', 'Political violence']"
They Shall Be Chastised,Muthoni Likimani,"['Justice and injustice', 'Poverty', 'Hope and despair']"
What does a man want?,Muthoni Likimani,"['Poverty', 'Gender roles and feminism', 'Dreams and ambitions']"
Passbook number F.47927,Muthoni Likimani,"['Bad governance', 'Justice and injustice', 'Silence and voice']"
Crafty Chameleon,Mwenye Hadithi.,"['Language and identity', 'Urban vs rural life', 'Agriculture and food security']"
Greedy zebra,Mwenye Hadithi.,"['Oppression', 'Poverty', 'Greed']"
Hot Hippo,Mwenye Hadithi.,"['Urban vs rural life', 'Hard work', 'Love and heartbreak']"
Lazy lion,Mwenye Hadithi.,"['Laziness', 'Poverty', 'Oppression']"
Baby baboon,Mwenye Hadithi.,"['Parent-child relationships', 'Post-independence struggles', 'Urban vs rural life']"
Hungry Hyena,Mwenye Hadithi.,"['Urban vs rural life', 'Agriculture and food security', 'Gender roles and feminism']"
Tricky Tortoise,Mwenye Hadithi.,"['Morality and ethics', 'Hard work', 'Poverty']"
Laughing Giraffe,Mwenye Hadithi,"['Power of language', 'Morality and ethics', 'Conflict in families']"
Lazy Lion (Picture Knight),Mwenye Hadithi.,"['Hard work', 'Folklore and oral traditions', 'Fate and free will']"
Cong ming de bian se long,Mwenye Hadithi,"['Post-independence struggles', 'Urban vs rural life', 'Community solidarity']"
Handsome Hog (African Animal Tales),Mwenye Hadithi,"['Folklore and oral traditions', 'Ethnic diversity', 'Marriage and relationships']"
African Animal Tales,Mwenye Hadithi,"['Folklore and oral traditions', 'Indigenous knowledge', 'Poverty']"
Gardening in East Africa,Mwenye Hadithi,"['Climate and nature', 'Agriculture and food security', 'Environmental conservation']"
Baby Baboon (Picture Knight),Mwenye Hadithi.,"['Parent-child relationships', 'Urban vs rural life', 'Trauma and healing']"
Crafty Chameleon (Picture Knight),Mwenye Hadithi.,"['Urban vs rural life', 'Trauma and healing', 'Parent-child relationships']"
Greedy Zebra (Picture Knight),Mwenye Hadithi.,"['Oppression', 'Greed', 'Urban vs rural life']"
Hot Hippo (Picture Knight),Mwenye Hadithi.,"['Urban vs rural life', 'Hard work', 'Justice and injustice']"
Hungry Hyena (Picture Knight),Mwenye Hadithi.,"['Urban vs rural life', 'Agriculture and food security', 'Fate and free will']"
The Rise of the African Novel,Mũkoma wa Ngũgĩ,"['Wealth and materialism', 'Greed', 'Poverty']"
Conversing With Africa,Mũkoma wa Ngũgĩ,"['Wealth and materialism', 'Power of language', 'Ethnic diversity']"
Unbury Our Dead with Song,Mũkoma wa Ngũgĩ,"['Community solidarity', 'Wealth and materialism', 'Bad governance']"
Logotherapy,Mũkoma wa Ngũgĩ,"['Wealth and materialism', 'Trauma and healing', 'Bad governance']"
Mrs. Shaw,Mũkoma wa Ngũgĩ,"['Wealth and materialism', 'Bad governance', 'Gender roles and feminism']"
Killing Sahara,Mũkoma wa Ngũgĩ,"['Wealth and materialism', 'Greed', 'Bad governance']"
Voices from my clan,Mũkoma wa Ngũgĩ,"['Silence and voice', 'Community solidarity', 'Power of language']"
Strange and Difficult Times,Nanjala Nyabola,"['Dreams and ambitions', 'Marriage and relationships', 'Bad governance']"
Digital Identities and Border Cultures,Nanjala Nyabola,"['Ethnic diversity', 'Wealth and materialism', 'Indigenous knowledge']"
"Digital Democracy, Analogue Politics",Nanjala Nyabola,"['Bad governance', 'Political violence', 'Post-independence struggles']"
City Murders,Nducu wa Ngugi,"['Urbanization', 'Urban vs rural life', 'Political violence']"
Blue mothertongue,Ngwatilo Mawiyoo,"['Parent-child relationships', 'Community solidarity', 'Conflict in families']"
I will marry when I want,Ngũgĩ wa Thiongʼo,"['Conflict in families', 'Urban vs rural life', 'Power of language']"
Community based theatre skills,Ngũgĩ wa Mĩriĩ,"['Community solidarity', 'Urbanization', 'Indigenous knowledge']"
Njamba Nene and the flying bus,Ngũgĩ wa Thiongʼo,"['Bad governance', 'Urban vs rural life', 'Dreams and ambitions']"
African Short Stories,Chinua Achebe,"['Resource exploitation', 'Folklore and oral traditions', 'Indigenous knowledge']"
Caitaani mũtharaba-inĩ,Ngũgĩ wa Thiongʼo,"['Oppression', 'Wealth and materialism', 'Bad governance']"
Matigari,Ngũgĩ wa Thiongʼo,"['Wealth and materialism', 'Environmental conservation', 'Oppression']"
In the house of the interpreter,Ngũgĩ wa Thiongʼo,"['Oppression', 'Power of language', 'Civic responsibility']"
Dreams in a Time of War,Ngũgĩ wa Thiongʼo,"['Dreams and ambitions', 'Political violence', 'Wealth and materialism']"
Perfect Nine,Ngũgĩ wa Thiongʼo,"['Power of language', 'Post-independence struggles', 'Religion and spirituality']"
Birth of a dream weaver,Ngũgĩ wa Thiongʼo,"['Dreams and ambitions', 'Wealth and materialism', 'Post-independence struggles']"
Njamba Nene's pistol,Ngũgĩ wa Thiongʼo,"['Dreams and ambitions', 'Wealth and materialism', 'Parent-child relationships']"
To Africa with a dream,Olga Marlin,"['Dreams and ambitions', 'Silence and voice', 'Youth and unemployment']"
Con un sueño en África,Olga Marlin ,"['Poverty', 'Wealth and materialism', 'Justice and injustice']"
Wealth not income,Olubayi Olubayi,"['Poverty', 'Bad governance', 'Greed']"
Education for a Better World,Olubayi Olubayi,"['Bad governance', 'Education and opportunity', 'Oppression']"
Kaburi bila msalaba,P. M. Kareithi,"['Bad governance', 'Religion and spirituality', 'Cultural heritage']"
The broken pot,P. M. Kareithi,"['Greed', 'Religion and spirituality', 'Trauma and healing']"
Devil's own,P. M. Kareithi,"['Greed', 'Religion and spirituality', 'Bad governance']"
Guide to politics in Mbiri,P. M. Kareithi,"['Bad governance', 'Political violence', 'Wealth and materialism']"
The maize plant,P. M. Kareithi,"['Agriculture and food security', 'Indigenous knowledge', 'Wealth and materialism']"
Kenya's Uncertain Democracy,Peter Kagwanja,"['Bad governance', 'Greed', 'Wealth and materialism']"
An encumbered regional power?,Peter Kagwanja,"['Bad governance', 'Wealth and materialism', 'Ethnic diversity']"
Kiraitu Murungi,Peter Kagwanja,"['Wealth and materialism', 'Urban vs rural life', 'Bad governance']"
Eye on the nation,Peter Kagwanja,"['Bad governance', 'Loneliness and isolation', 'Wealth and materialism']"
Paving Africa's silk road,Peter Kagwanja,"['Wealth and materialism', 'Greed', 'Bad governance']"
The African challenge,Philip Ndegwa,"['Ethnic diversity', 'Political violence', 'Poverty']"
The common market and development in East Africa,Philip Ndegwa,"['Greed', 'Bad governance', 'Poverty']"
Africa's Development Crisis and Related International Issues,Philip Ndegwa,"['Bad governance', 'Post-independence struggles', 'Greed']"
Africa to 2000 and beyond,Philip Ndegwa,"['Ethnic diversity', 'Wealth and materialism', 'Dreams and ambitions']"
Philip Ndegwa on Africa's development crisis and related international issues,Philip Ndegwa,"['Bad governance', 'Post-independence struggles', 'Greed']"
Report of Symposium on Development Options for Africa in the 1980s and Beyond,Philip Ndegwa,"['Post-independence struggles', 'Environmental conservation', 'Bad governance']"
Africa's Development Crisis,Philip Ndegwa,"['Post-independence struggles', 'Bad governance', 'Greed']"
Management for development,Philip Ndegwa,"['Post-independence struggles', 'Bad governance', 'Dreams and ambitions']"
Still Sings the Nightbird,Philo Ikonya,"['Dreams and ambitions', 'Marriage and relationships', 'Silence and voice']"
"Kenya, Will You Marry Me?",Philo Ikonya,"['Marriage and relationships', 'Conflict in families', 'Wealth and materialism']"
Splintering Silence,Philo Ikonya,"['Silence and voice', 'Trauma and healing', 'Justice and injustice']"
Invincible Nubia - adios Lampedusa!,Philo Ikonya,"['Marriage and relationships', 'Dreams and ambitions', 'Love and heartbreak']"
Aus dem Gefängnis,Philo Ikonya,"['Oppression', 'Cultural heritage', 'Conflict in families']"
Leading the Night,Philo Ikonya,"['Dreams and ambitions', 'Marriage and relationships', 'Parent-child relationships']"
The Kenyan boy who became the president of America,Philo Ikonya,"['Parent-child relationships', 'Bad governance', 'Greed']"
This bread of peace,Philo Ikonya,"['Justice and injustice', 'Religion and spirituality', 'Wealth and materialism']"
Triple heritage,Rasna Warah,"['Cultural heritage', 'Wealth and materialism', 'Fate and free will']"
Lords of Impunity,Rasna Warah,"['Gender roles and feminism', 'Bad governance', 'Poverty']"
War crimes,Rasna Warah,"['Political violence', 'Justice and injustice', 'Morality and ethics']"
Red soil and roasted maize,Rasna Warah,"['Agriculture and food security', 'Resource exploitation', 'Indigenous knowledge']"
Unsilenced,Rasna Warah,"['Wealth and materialism', 'Bad governance', 'Gender roles and feminism']"
"Missionaries, Mercenaries and Misfits",Rasna Warah,"['Wealth and materialism', 'Poverty', 'Gender roles and feminism']"
Mogadishu Then and Now,Rasna Warah,"['Wealth and materialism', 'Urban vs rural life', 'Fate and free will']"
Mfalme Chui Mkatili,Rebecca Nandwa,"['Wealth and materialism', 'Religion and spirituality', 'Urban vs rural life']"
Naledi,Rebecca Nandwa,"['Wealth and materialism', 'Marriage and relationships', 'Religion and spirituality']"
Mnyama mwenye huruma,Rebecca Nandwa,"['Wealth and materialism', 'Gender roles and feminism', 'Bad governance']"
The sacred seed,Rebeka Njau,"['Indigenous knowledge', 'Religion and spirituality', 'Traditional beliefs']"
Ripples in the pool,Rebeka Njau,"['Laziness', 'Climate and nature', 'Environmental conservation']"
Kenya women heroes and their mystical power,Rebeka Njau,"['Wealth and materialism', 'Gender roles and feminism', 'Generosity']"
Mirrors of my life,Rebeka Njau,"['Dreams and ambitions', 'Youth and unemployment', 'Fate and free will']"
The hypocrite and other stories,Rebeka Njau,"['Morality and ethics', 'Selfishness', 'Honesty vs dishonesty']"
The scar,Rebeka Njau,"['Trauma and healing', 'Naming and symbolism', 'Love and heartbreak']"
Dedan Kimathi,Samuel Kahiga,"['Bad governance', 'Silence and voice', 'Wealth and materialism']"
Paradise farm,Samuel Kahiga,"['Agriculture and food security', 'Religion and spirituality', 'Generosity']"
When the stars are scattered,Samuel Kahiga,"['Religion and spirituality', 'Wealth and materialism', 'Hope and despair']"
The girl from abroad,Samuel Kahiga,"['Wealth and materialism', 'Parent-child relationships', 'Migration and diaspora']"
Lover in the sky,Samuel Kahiga,"['Religion and spirituality', 'Marriage and relationships', 'Silence and voice']"
Flight to Juba,Samuel Kahiga,"['Migration and diaspora', 'Agriculture and food security', 'Religion and spirituality']"
A study of Kalenjin linguistics,Taaitta Toweett,"['Indigenous knowledge', 'Power of language', 'Urban vs rural life']"
Oral (traditional) history of the Kipsigis,Taaitta Toweett,"['Indigenous knowledge', 'Conflict in families', 'Wealth and materialism']"
Tears over a dead cow and other stories,Taaitta Toweett,"['Folklore and oral traditions', 'Indigenous knowledge', 'Trauma and healing']"
An African's year in England,Taaitta Toweett,"['Generosity', 'Oppression', 'Ethnic diversity']"
English-Swahili-Kalenjin,Taaitta Toweett,"['Power of language', 'Urban vs rural life', 'Trauma and healing']"
Epitaph on colonialism and shorter poems,Taaitta Toweett,"['Wealth and materialism', 'Indigenous knowledge', 'Migration and diaspora']"
Tears over a dead cow,Taaitta Toweett,"['Trauma and healing', 'Hope and despair', 'Folklore and oral traditions']"
Unsung heroes of Lancaster,Taaitta Toweett,"['Folklore and oral traditions', 'Generosity', 'Trauma and healing']"
Twilight woman,Thomas Akare,"['Education and opportunity', 'Fate and free will', 'Morality and ethics']"
The slums,Thomas Akare,"['Greed', 'Education and opportunity', 'Indigenous knowledge']"
The road to Eldoret and other stories,Tony Mochama,"['Dreams and ambitions', 'Folklore and oral traditions', 'Urbanization']"
Princess Adhis and the naija coca broda,Tony Mochama,"['Bad governance', 'Parent-child relationships', 'Indigenous knowledge']"
What if I am a literary gangsta?,Tony Adam Mochama,"['Dreams and ambitions', 'Poverty', 'Identity crisis']"
"Nairobi, a night guide",Tony Adam Mochama,"['Wealth and materialism', 'Marriage and relationships', 'Urbanization']"
Meet the Omtitas,Tony Adam Mochama,"['Dreams and ambitions', 'Fate and free will', 'Poverty']"
Three days on the cross,Wahome Mutahi,"['Generosity', 'Naming and symbolism', 'Hope and despair']"
How to be a Kenyan,Wahome Mutahi,"['Wealth and materialism', 'Cultural heritage', 'Poverty']"
The jail bugs,Wahome Mutahi,"['Bad governance', 'Poverty', 'Justice and injustice']"
The miracle merchant,Wahome Mutahi,"['Generosity', 'Indigenous knowledge', 'Greed']"
Doomsday,Wahome Mutahi,"['Justice and injustice', 'Hope and despair', 'Fate and free will']"
The house of doom,Wahome Mutahi,"['Hope and despair', 'Justice and injustice', 'Wealth and materialism']"
Whispers & Camisassius,Wahome Mutahi,"['Religion and spirituality', 'Silence and voice', 'Urban vs rural life']"
Best of whispers,Wahome Mutahi,"['Silence and voice', 'Urban vs rural life', 'Religion and spirituality']"
The world of Whispers,Wahome Mutahi,"['Silence and voice', 'Religion and spirituality', 'Indigenous knowledge']"
Responsible citizenship,Wahome Mutahi,"['Civic responsibility', 'Bad governance', 'Poverty']"
Just wait and see,Wahome Mutahi,"['Urban vs rural life', 'Parent-child relationships', 'Cultural heritage']"
Our daily bread,Wahome Mutahi,"['Community solidarity', 'Cultural heritage', 'Agriculture and food security']"
"Responsible citizenship, building democracy",Wahome Mutahi,"['Civic responsibility', 'Bad governance', 'Environmental conservation']"
Monitoring state-sponsored violence in Africa,Sally Sealey,"['Political violence', 'Wealth and materialism', 'Community solidarity']"
Me Katilili,Wangũi wa Goro,"['Urban vs rural life', 'Power of language', 'Community solidarity']"
"A Modern History of Kenya, 1885-1980",William Robert Ochiengʼ,"['Wealth and materialism', 'Greed', 'Environmental conservation']"
People round the lake,William Robert Ochiengʼ,"['Laziness', 'Resistance and struggle', 'Marriage and relationships']"
Themes in Kenyan History,William Robert Ochiengʼ,"['Wealth and materialism', 'Greed', 'Political violence']"
The second word,William Robert Ochiengʼ,"['Storytelling as resistance', 'Political violence', 'Honesty vs dishonesty']"
A history of the Kadimo chiefdom of Yimbo in western Kenya,William Robert Ochiengʼ,"['Wealth and materialism', 'Bad governance', 'Greed']"
"Decolonization and Independence in Kenya, 1940-93",Bethwell A. Ogot,"['Oppression', 'Ethnic diversity', 'Wealth and materialism']"
People of the south-western highlands,William Robert Ochieng',"['Indigenous knowledge', 'Ethnic diversity', 'Conflict in families']"
Kenya,Bethwell A. Ogot,"['Wealth and materialism', 'Oppression', 'Ethnic diversity']"
A history of Kenya,William Robert Ochieng',"['Wealth and materialism', 'Greed', 'Ethnic diversity']"
Individual dreams in Kenyan history,William Robert Ochieng',"['Dreams and ambitions', 'Wealth and materialism', 'Greed']"
A pre-colonial history of the Gusii of western Kenya from c. A.D. 1500 to 1914,William Robert Ochieng',"['Ethnic diversity', 'Greed', 'Wealth and materialism']"
"The politics of transition from authoritarianism to democracy, 1978-2002",William Robert Ochieng',"['Bad governance', 'Political violence', 'Leadership and betrayal']"
Historical studies and social change in western Kenya,William Robert Ochieng',"['Wealth and materialism', 'Greed', 'Ethnic diversity']"
The rise of a nationalist cultural state in pre-colonial Kenya,William Robert Ochieng',"['Wealth and materialism', 'Ethnic diversity', 'Greed']"
Politics and leadership in Africa,William Robert Ochieng',"['Political violence', 'Leadership and betrayal', 'Greed']"
An outline history of Nyanza up to 1914,William Robert Ochieng',"['Conflict in families', 'Marriage and relationships', 'Love and heartbreak']"
An outline history of the Rift Valley of Kenya up to A.D. 1900,William Robert Ochieng',"['Wealth and materialism', 'Ethnic diversity', 'Land and displacement']"
The black man's democracy,William Robert Ochieng',"['Leadership and betrayal', 'Political violence', 'Bad governance']"
Eastern Kenya and its invaders,William Robert Ochieng',"['Ethnic diversity', 'Greed', 'Wealth and materialism']"
The first word,William Robert Ochieng',"['Storytelling as resistance', 'Laziness', 'Indigenous knowledge']"
Dust,Yvonne Adhiambo Owuor,"['Wealth and materialism', 'Community solidarity', 'Urbanization']"
Dragonfly Sea,Yvonne Adhiambo Owuor,"['Urban vs rural life', 'Love and heartbreak', 'Parent-child relationships']"
Weight of whispers,Yvonne Adhiambo Owuor,"['Youth and unemployment', 'Silence and voice', 'Love and heartbreak']"
"Who I am, who we are",Wambui Wamae Kamiru,"['Civic responsibility', 'Community solidarity', 'Gender roles and feminism']"
Land without thunder,Grace Ogot,"['Climate and nature', 'Fate and free will', 'Indigenous knowledge']"
Re-membering Africa,Ngũgĩ wa Thiongʼo,"['Community solidarity', 'Oppression', 'Environmental conservation']"
Kufa kuzikana,Ken Walibora,"['Bad governance', 'Conflict in families', 'Loneliness and isolation']"
To stir the heart,Bessie Head,"['Trauma and healing', 'Conflict in families', 'Indigenous knowledge']"
The Promised Land,Grace Ogot,"['Indigenous knowledge', 'Greed', 'Religion and spirituality']"
A call at midnight,Grace Ogot,"['Justice and injustice', 'Youth and unemployment', 'Silence and voice']"
The other woman,Grace Ogot,"['Morality and ethics', 'Gender roles and feminism', 'Marriage and relationships']"
Betrayal in the city,F. D. Imbuga,"['Urbanization', 'Leadership and betrayal', 'Corruption and governance']"
The Green Cross Of Kafira,Francis Imbuga,"['Indigenous knowledge', 'Naming and symbolism', 'Ethnic diversity']"
Tracking the Scent of my Mother,Muthoni Garland,"['Naming and symbolism', 'Parent-child relationships', 'Traditional beliefs']"
Odour of Fate,Muthoni Garland,"['Naming and symbolism', 'Justice and injustice', 'Trauma and healing']"
Helicopter Beetles,Muthoni Garland,"['Good vs evil', 'Parent-child relationships', 'Morality and ethics']"
